{
  "Deep Autoencoder": {
    "auc_roc": 0.8570314814379913,
    "auc_pr": 0.7114374363272004,
    "precision": 0.7979434993180389,
    "recall": 0.5540175786787638,
    "f1": 0.6539755213510448,
    "accuracy": 0.8444056838601127,
    "threshold": 0.43408915400505066,
    "inference_ms_per_sample": 0.02733922004699707,
    "confusion_matrix": [
      [
        463388,
        24740
      ],
      [
        78649,
        97701
      ]
    ]
  },
  "VAE": {
    "auc_roc": 0.8510015377508013,
    "auc_pr": 0.7144321880021234,
    "precision": 0.8077085052979128,
    "recall": 0.5437822512049901,
    "f1": 0.6499749217150835,
    "accuracy": 0.8445637026357532,
    "threshold": 0.7687180638313293,
    "inference_ms_per_sample": 0.016107559204101562,
    "confusion_matrix": [
      [
        465298,
        22830
      ],
      [
        80454,
        95896
      ]
    ]
  },
  "Isolation Forest": {
    "auc_roc": 0.8092116993631402,
    "auc_pr": 0.6048039614794928,
    "precision": 0.8661118953859871,
    "recall": 0.5288120215480578,
    "f1": 0.6566815246706241,
    "accuracy": 0.8532532303552564,
    "threshold": 0.5228953791993456,
    "inference_ms_per_sample": 0.024230241775512695,
    "confusion_matrix": [
      [
        473712,
        14416
      ],
      [
        83094,
        93256
      ]
    ]
  },
  "One-Class SVM": {
    "auc_roc": 0.8298512857824683,
    "auc_pr": 0.7186031801055439,
    "precision": 0.838614046489268,
    "recall": 0.5341593422171818,
    "f1": 0.652625598852697,
    "accuracy": 0.8490860495005101,
    "threshold": -4.646669031833077,
    "inference_ms_per_sample": 0.12423038482666014,
    "confusion_matrix": [
      [
        470000,
        18128
      ],
      [
        82151,
        94199
      ]
    ]
  }
}